{
    "name": "root",
    "gauges": {
        "SimpleCollector.Policy.Entropy.mean": {
            "value": 1.1060844659805298,
            "min": 0.820547342300415,
            "max": 2.77852463722229,
            "count": 204
        },
        "SimpleCollector.Policy.Entropy.sum": {
            "value": 22387.1484375,
            "min": 17054.255859375,
            "max": 58484.59375,
            "count": 204
        },
        "SimpleCollector.Environment.EpisodeLength.mean": {
            "value": 64.29354838709678,
            "min": 55.8048048048048,
            "max": 1242.9444444444443,
            "count": 204
        },
        "SimpleCollector.Environment.EpisodeLength.sum": {
            "value": 19931.0,
            "min": 10510.0,
            "max": 26983.0,
            "count": 204
        },
        "SimpleCollector.Step.mean": {
            "value": 4079972.0,
            "min": 19940.0,
            "max": 4079972.0,
            "count": 204
        },
        "SimpleCollector.Step.sum": {
            "value": 4079972.0,
            "min": 19940.0,
            "max": 4079972.0,
            "count": 204
        },
        "SimpleCollector.Policy.ExtrinsicValueEstimate.mean": {
            "value": 10.00416088104248,
            "min": -14.991613388061523,
            "max": 10.976844787597656,
            "count": 204
        },
        "SimpleCollector.Policy.ExtrinsicValueEstimate.sum": {
            "value": 3241.34814453125,
            "min": -3043.297607421875,
            "max": 3875.54833984375,
            "count": 204
        },
        "SimpleCollector.Environment.CumulativeReward.mean": {
            "value": 13.053309357709916,
            "min": -53.06342966357867,
            "max": 14.057684131266532,
            "count": 204
        },
        "SimpleCollector.Environment.CumulativeReward.sum": {
            "value": 4007.365972816944,
            "min": -1659.4881286472082,
            "max": 4708.118966758251,
            "count": 204
        },
        "SimpleCollector.Policy.ExtrinsicReward.mean": {
            "value": 13.053309357709916,
            "min": -53.06342966357867,
            "max": 14.057684131266532,
            "count": 204
        },
        "SimpleCollector.Policy.ExtrinsicReward.sum": {
            "value": 4007.365972816944,
            "min": -1659.4881286472082,
            "max": 4708.118966758251,
            "count": 204
        },
        "SimpleCollector.Losses.PolicyLoss.mean": {
            "value": 0.0680832366494845,
            "min": 0.06199274793217597,
            "max": 0.07433330734764543,
            "count": 204
        },
        "SimpleCollector.Losses.PolicyLoss.sum": {
            "value": 0.680832366494845,
            "min": 0.5579347313895837,
            "max": 0.7433330734764543,
            "count": 204
        },
        "SimpleCollector.Losses.ValueLoss.mean": {
            "value": 1.8416682807107765,
            "min": 0.22931873694991525,
            "max": 17.556724228240824,
            "count": 204
        },
        "SimpleCollector.Losses.ValueLoss.sum": {
            "value": 18.416682807107765,
            "min": 2.0638686325492372,
            "max": 158.01051805416742,
            "count": 204
        },
        "SimpleCollector.Policy.LearningRate.mean": {
            "value": 0.00023895551034817,
            "min": 0.00023895551034817,
            "max": 0.0002998425983858006,
            "count": 204
        },
        "SimpleCollector.Policy.LearningRate.sum": {
            "value": 0.0023895551034817,
            "min": 0.00215326782224412,
            "max": 0.0029925623274792246,
            "count": 204
        },
        "SimpleCollector.Policy.Epsilon.mean": {
            "value": 0.17965183,
            "min": 0.17965183,
            "max": 0.19994753277777777,
            "count": 204
        },
        "SimpleCollector.Policy.Epsilon.sum": {
            "value": 1.7965183000000002,
            "min": 1.6177558800000003,
            "max": 1.9975207750000001,
            "count": 204
        },
        "SimpleCollector.Policy.Beta.mean": {
            "value": 0.003984626317,
            "min": 0.003984626317,
            "max": 0.004997381885611111,
            "count": 204
        },
        "SimpleCollector.Policy.Beta.sum": {
            "value": 0.03984626317,
            "min": 0.035906018412,
            "max": 0.0498762866725,
            "count": 204
        },
        "SimpleCollector.IsTraining.mean": {
            "value": 1.0,
            "min": 1.0,
            "max": 1.0,
            "count": 204
        },
        "SimpleCollector.IsTraining.sum": {
            "value": 1.0,
            "min": 1.0,
            "max": 1.0,
            "count": 204
        }
    },
    "metadata": {
        "timer_format_version": "0.1.0",
        "start_time_seconds": "1651475978",
        "python_version": "3.8.7 (tags/v3.8.7:6503f05, Dec 21 2020, 17:59:51) [MSC v.1928 64 bit (AMD64)]",
        "command_line_arguments": "D:\\UnityProjects\\python-envs\\sample-env\\Scripts\\mlagents-learn D:\\UnityProjects\\test\\test\\test_ml_agent\\SimpleCollector.yaml --run-id=avoid_far_4",
        "mlagents_version": "0.28.0",
        "mlagents_envs_version": "0.28.0",
        "communication_protocol_version": "1.5.0",
        "pytorch_version": "1.7.1+cu110",
        "numpy_version": "1.22.3",
        "end_time_seconds": "1651483316"
    },
    "total": 7337.9233255,
    "count": 1,
    "self": 0.006929699999091099,
    "children": {
        "run_training.setup": {
            "total": 0.12189930000000015,
            "count": 1,
            "self": 0.12189930000000015
        },
        "TrainerController.start_learning": {
            "total": 7337.794496500001,
            "count": 1,
            "self": 6.9678986000126315,
            "children": {
                "TrainerController._reset_env": {
                    "total": 7.6731277,
                    "count": 1,
                    "self": 7.6731277
                },
                "TrainerController.advance": {
                    "total": 7323.052404199988,
                    "count": 276586,
                    "self": 3.352001799923528,
                    "children": {
                        "env_step": {
                            "total": 7319.700402400064,
                            "count": 276586,
                            "self": 4182.026246999949,
                            "children": {
                                "SubprocessEnvManager._take_step": {
                                    "total": 3134.3464058000063,
                                    "count": 276586,
                                    "self": 17.198377500101742,
                                    "children": {
                                        "TorchPolicy.evaluate": {
                                            "total": 3117.1480282999046,
                                            "count": 255678,
                                            "self": 638.8455133999137,
                                            "children": {
                                                "TorchPolicy.sample_actions": {
                                                    "total": 2478.302514899991,
                                                    "count": 255678,
                                                    "self": 2478.302514899991
                                                }
                                            }
                                        }
                                    }
                                },
                                "workers": {
                                    "total": 3.327749600108776,
                                    "count": 276585,
                                    "self": 0.0,
                                    "children": {
                                        "worker_root": {
                                            "total": 7320.394424899821,
                                            "count": 276585,
                                            "is_parallel": true,
                                            "self": 3701.3420621995883,
                                            "children": {
                                                "steps_from_proto": {
                                                    "total": 0.0011436000000006885,
                                                    "count": 1,
                                                    "is_parallel": true,
                                                    "self": 0.00036130000000156315,
                                                    "children": {
                                                        "_process_rank_one_or_two_observation": {
                                                            "total": 0.0007822999999991254,
                                                            "count": 4,
                                                            "is_parallel": true,
                                                            "self": 0.0007822999999991254
                                                        }
                                                    }
                                                },
                                                "UnityEnvironment.step": {
                                                    "total": 3619.051219100233,
                                                    "count": 276585,
                                                    "is_parallel": true,
                                                    "self": 56.41117020063575,
                                                    "children": {
                                                        "UnityEnvironment._generate_step_input": {
                                                            "total": 55.42909529996627,
                                                            "count": 276585,
                                                            "is_parallel": true,
                                                            "self": 55.42909529996627
                                                        },
                                                        "communicator.exchange": {
                                                            "total": 3327.132207499937,
                                                            "count": 276585,
                                                            "is_parallel": true,
                                                            "self": 3327.132207499937
                                                        },
                                                        "steps_from_proto": {
                                                            "total": 180.07874609969386,
                                                            "count": 276585,
                                                            "is_parallel": true,
                                                            "self": 56.88145359928899,
                                                            "children": {
                                                                "_process_rank_one_or_two_observation": {
                                                                    "total": 123.19729250040487,
                                                                    "count": 1106340,
                                                                    "is_parallel": true,
                                                                    "self": 123.19729250040487
                                                                }
                                                            }
                                                        }
                                                    }
                                                }
                                            }
                                        }
                                    }
                                }
                            }
                        }
                    }
                },
                "trainer_threads": {
                    "total": 2.6400000024295878e-05,
                    "count": 1,
                    "self": 2.6400000024295878e-05,
                    "children": {
                        "thread_root": {
                            "total": 0.0,
                            "count": 0,
                            "is_parallel": true,
                            "self": 0.0,
                            "children": {
                                "trainer_advance": {
                                    "total": 7326.6647751001465,
                                    "count": 158733,
                                    "is_parallel": true,
                                    "self": 11.85537219976959,
                                    "children": {
                                        "process_trajectory": {
                                            "total": 2588.458473500378,
                                            "count": 158733,
                                            "is_parallel": true,
                                            "self": 2587.418573000378,
                                            "children": {
                                                "RLTrainer._checkpoint": {
                                                    "total": 1.0399005000002717,
                                                    "count": 8,
                                                    "is_parallel": true,
                                                    "self": 1.0399005000002717
                                                }
                                            }
                                        },
                                        "_update_policy": {
                                            "total": 4726.350929399999,
                                            "count": 1939,
                                            "is_parallel": true,
                                            "self": 501.8044878000064,
                                            "children": {
                                                "TorchPPOOptimizer.update": {
                                                    "total": 4224.546441599992,
                                                    "count": 93504,
                                                    "is_parallel": true,
                                                    "self": 4224.546441599992
                                                }
                                            }
                                        }
                                    }
                                }
                            }
                        }
                    }
                },
                "TrainerController._save_models": {
                    "total": 0.10103960000014922,
                    "count": 1,
                    "self": 0.0027493000006870716,
                    "children": {
                        "RLTrainer._checkpoint": {
                            "total": 0.09829029999946215,
                            "count": 1,
                            "self": 0.09829029999946215
                        }
                    }
                }
            }
        }
    }
}