{
    "SimpleCollector": {
        "checkpoints": [
            {
                "steps": 2499903,
                "file_path": "results\\avoid_far_4\\SimpleCollector\\SimpleCollector-2499903.onnx",
                "reward": 4.440199780464172,
                "creation_time": 1651480416.962501,
                "auxillary_file_paths": [
                    "results\\avoid_far_4\\SimpleCollector\\SimpleCollector-2499903.pt"
                ]
            },
            {
                "steps": 2999890,
                "file_path": "results\\avoid_far_4\\SimpleCollector\\SimpleCollector-2999890.onnx",
                "reward": 14.684499740600586,
                "creation_time": 1651481311.4528415,
                "auxillary_file_paths": [
                    "results\\avoid_far_4\\SimpleCollector\\SimpleCollector-2999890.pt"
                ]
            },
            {
                "steps": 3499964,
                "file_path": "results\\avoid_far_4\\SimpleCollector\\SimpleCollector-3499964.onnx",
                "reward": 13.652666648228964,
                "creation_time": 1651482213.3266857,
                "auxillary_file_paths": [
                    "results\\avoid_far_4\\SimpleCollector\\SimpleCollector-3499964.pt"
                ]
            },
            {
                "steps": 3999999,
                "file_path": "results\\avoid_far_4\\SimpleCollector\\SimpleCollector-3999999.onnx",
                "reward": 14.733333269755045,
                "creation_time": 1651483148.9845889,
                "auxillary_file_paths": [
                    "results\\avoid_far_4\\SimpleCollector\\SimpleCollector-3999999.pt"
                ]
            },
            {
                "steps": 4089456,
                "file_path": "results\\avoid_far_4\\SimpleCollector\\SimpleCollector-4089456.onnx",
                "reward": null,
                "creation_time": 1651483316.0301259,
                "auxillary_file_paths": [
                    "results\\avoid_far_4\\SimpleCollector\\SimpleCollector-4089456.pt"
                ]
            }
        ],
        "final_checkpoint": {
            "steps": 4089456,
            "file_path": "results\\avoid_far_4\\SimpleCollector.onnx",
            "reward": null,
            "creation_time": 1651483316.0301259,
            "auxillary_file_paths": [
                "results\\avoid_far_4\\SimpleCollector\\SimpleCollector-4089456.pt"
            ]
        }
    },
    "metadata": {
        "stats_format_version": "0.3.0",
        "mlagents_version": "0.28.0",
        "torch_version": "1.7.1+cu110"
    }
}